PLAYER,PTS,REB,AST,BLK,STL,FG%,FT%,3PM,GP,MIN,TO
"Aaron Gordon (DEN - SF,PF)",15.4,7.6,3.7,0.6,0.8,0.444,0.706,1.4,67,32.9,1.7
"Aaron Holiday (IND - PG,SG)",7.2,1.6,2.6,0.2,0.6,0.407,0.843,1,62,17.9,0.9
"Al Horford (BOS - PF,C)",12.5,6.9,3.8,0.9,0.7,0.465,0.797,1.3,66,29.4,1.4
"Al-Farouq Aminu (CHI - SF,PF)",7,5.7,1.1,0.4,0.8,0.396,0.813,1,61,23.6,0.8
"Alec Burks (NYK - PG,SG,SF)",12.5,4.1,2.5,0.3,0.8,0.409,0.874,1.5,65,25.6,1.3
Alex Caruso (LAL - SG),5.8,2.5,2.2,0.3,1.2,0.427,0.753,0.7,66,20.5,1.1
"Alex Len (WAS - PF,C)",7.3,6.1,0.9,0.7,0.4,0.527,0.651,0.4,59,15.3,0.9
"Andre Drummond (LAL - PF,C)",16.2,13.4,2,1.4,1.5,0.541,0.578,0.2,69,30.7,3.1
"Andre Iguodala (MIA - SG,SF)",4.4,3,2.2,0.6,0.6,0.478,0.536,0.6,63,18.5,0.7
"Andrew Wiggins (GSW - SG,SF)",18.1,4.4,3.2,0.8,0.8,0.446,0.722,1.8,68,33.6,2.1
"Anthony Davis (LAL - PF,C)",26.5,9.9,3.2,2.3,1.5,0.515,0.841,1.2,65,34.2,2.3
Anthony Edwards (MIN - SG),14.4,4.1,2.5,0.4,1.3,0.414,0.766,1.6,66,29.7,2
Aron Baynes (TOR - C),11,6.6,1.6,0.7,0.3,0.474,0.775,1.2,63,25.3,1.4
"Austin Rivers (DEN - PG,SG)",7.5,2.3,1.7,0.2,0.6,0.42,0.645,1.1,69,23.5,0.8
"Avery Bradley (HOU - PG,SG,SF)",8.4,2.4,1.5,0.2,0.8,0.421,0.828,1.2,60,24.2,1
"Bam Adebayo (MIA - PF,C)",16.7,10,4.8,1.3,1.1,0.569,0.722,0,69,33.1,2.6
"Ben McLemore (LAL - SG,SF)",8.5,2.2,0.9,0.2,0.6,0.444,0.751,2.1,63,20.5,0.7
Ben Simmons (PHI - PG),17.4,8.3,8.2,0.7,1.9,0.58,0.617,0,66,35.1,3.3
"Bismack Biyombo (CHA - PF,C)",4.8,4.2,0.7,0.7,0.2,0.556,0.619,0,66,14.5,0.7
"Blake Griffin (BKN - PF,C)",19.5,6.9,4.3,0.4,0.6,0.449,0.765,1.9,57,32.5,2.7
Boban Marjanovic (DAL - C),7.8,5.1,0.8,0.4,0.3,0.605,0.758,0.1,61,12.8,1
"Bobby Portis Jr. (MIL - PF,C)",9.7,5.6,1.2,0.3,0.5,0.46,0.773,1,65,19.4,1.1
"Bogdan Bogdanovic (ATL - SG,SF,PF)",14.4,3.3,3.3,0.2,1,0.435,0.786,2.2,66,28.5,1.7
"Bojan Bogdanovic (UTH - SF,PF)",18.9,4,2,0.1,0.6,0.462,0.879,2.7,66,32.4,2.1
Bradley Beal (WAS - SG),26.5,4.1,4.9,0.4,1.2,0.463,0.83,2.6,66,35.5,3
"Brandon Clarke (MEM - PF,C)",13,6.3,1.5,1,0.6,0.616,0.763,0.4,67,23.8,1.1
"Brandon Ingram (NOR - SF,PF)",23.4,5.7,3.8,0.6,0.9,0.473,0.815,2.3,67,33.8,2.9
Brook Lopez (MIL - C),12,4.6,1.4,2.1,0.6,0.445,0.824,1.8,67,27.8,1
Bruce Brown (FA - SG),6.6,3.5,2.8,0.4,0.8,0.454,0.745,0.4,65,22.8,1.2
Bruno Fernando (ATL - C),4,3.3,0.8,0.3,0.3,0.543,0.578,0.1,62,11.7,0.7
"Bryn Forbes (FA - PG,SG) FA",9.3,1.8,1.4,0,0.4,0.426,0.835,2,65,20.9,0.7
Buddy Hield (SAC - SG),18.2,4.2,2.7,0.2,0.9,0.445,0.842,3.3,70,30,2
"Cam Reddish (ATL - SG,SF)",9.8,3.3,1.3,0.5,0.9,0.412,0.804,1.3,67,23.5,1.5
"Cameron Johnson (PHO - SG,SF)",10.7,3.8,1.3,0.4,0.7,0.451,0.802,2.2,66,25.9,0.8
"Caris LeVert (IND - SG,SF)",16,3.9,4,0.3,1.1,0.43,0.721,1.5,63,29.3,2.2
"Carmelo Anthony (POR - SF,PF)",10.9,5,1.2,0.3,0.5,0.45,0.853,1.1,66,23.7,1.1
"Cedi Osman (CLE - SF,PF)",11.8,4,2.5,0.2,0.8,0.439,0.723,1.8,67,31.4,1.5
"Chris Boucher (TOR - PF,C)",8.5,5.7,0.5,1.2,0.5,0.468,0.785,0.8,64,17.4,0.6
Chris Paul (PHO - PG),17,4.7,7.2,0.2,1.6,0.477,0.889,1.7,64,30.8,2.4
"Chris Silva (FA - SG,PF) FA",2.4,2.3,0.5,0.5,0.2,0.578,0.691,0,40,6.5,0.6
"Christian Wood (HOU - PF,C)",17.5,8.2,1.3,1.2,0.7,0.537,0.744,1.3,67,29.6,1.7
"CJ McCollum (POR - PG,SG)",21.4,4.1,3.8,0.5,0.8,0.456,0.784,2.7,68,35.6,1.8
"Clint Capela (ATL - PF,C)",13,10.7,1.3,1.5,0.7,0.617,0.559,0,65,29.6,1.5
Coby White (CHI - PG) OUT,17.3,3.9,3.6,0.1,0.9,0.413,0.801,2.7,68,31.6,2
"Cody Zeller (CHA - PF,C)",10.3,6.4,1.6,0.6,0.7,0.536,0.695,0.3,63,23.7,1.3
"Collin Sexton (CLE - PG,SG)",20.3,3.2,3.2,0.1,0.9,0.466,0.84,1.6,69,33.9,2.5
"Cory Joseph (DET - PG,SG)",5.9,2.5,3.1,0.2,0.8,0.444,0.789,0.6,69,22.3,0.9
Cristiano Felicio (CHI - C),3.2,3.2,0.6,0.1,0.3,0.617,0.709,0,41,11.9,0.5
"D'Angelo Russell (MIN - PG,SG)",21.9,3.8,6.5,0.3,1.2,0.434,0.815,3.3,65,32.3,3.2
D.J. Augustin (HOU - PG),8.8,2.2,3.8,0,0.5,0.456,0.881,1.1,66,20.8,1.2
Damian Jones (SAC - C),4,2.6,0.6,0.5,0.4,0.696,0.715,0,57,12.5,0.4
Damian Lillard (POR - PG),28.4,4.3,7.3,0.3,1.1,0.453,0.901,3.8,68,36.4,2.8
Damion Lee (GSW - SG),7.5,3.7,1.5,0.1,0.7,0.411,0.832,1.1,62,18.6,0.9
"Daniel Gafford (WAS - C,PF)",4.2,2.3,0.5,1.1,0.3,0.603,0.532,0,59,13.9,0.6
"Daniel Theis (CHI - PF,C)",9.4,6.6,1.5,1.2,0.6,0.556,0.767,0.5,68,24.4,0.9
"Danilo Gallinari (ATL - SF,PF)",16.8,5.2,2,0.2,0.7,0.449,0.896,2.5,63,28.4,1.3
"Danny Green (PHI - SG,SF)",8.2,3.4,1.3,0.5,1,0.427,0.744,1.9,68,25.3,0.9
"Danuel House Jr. (HOU - SF,PF,SG)",8.9,3.8,1.2,0.4,0.9,0.439,0.782,1.7,65,25.7,0.7
"Dario Saric (PHO - PF,C) OUT",9.1,5.3,1.5,0.2,0.5,0.472,0.845,1.2,66,21.6,1.2
"Darius Bazley (OKC - SF,PF)",11.4,6.2,1.3,1.1,0.7,0.419,0.721,1.6,66,27.6,1.3
Darius Garland (CLE - PG),14,2.1,4.1,0.1,0.8,0.414,0.87,2,68,31.7,2.6
"Davis Bertans (WAS - PF,C)",13.6,4.2,1.7,0.6,0.7,0.433,0.85,3.2,65,28.5,1.1
De'Aaron Fox (SAC - PG),21.7,4,7.3,0.5,1.6,0.484,0.727,1.1,67,33.3,3.1
De'Andre Hunter (ATL - SF),9.7,4,1.4,0.3,0.6,0.436,0.789,1.4,69,25.6,1.3
"De'Anthony Melton (MEM - PG,SG)",7.1,3.4,2.9,0.4,1.2,0.41,0.784,0.7,64,19.4,1.4
Deandre Ayton (PHO - C),18.9,10.8,1.8,1.3,0.7,0.572,0.755,0.1,66,32.4,2
DeAndre Jordan (BKN - C),8.2,9.3,1.7,0.9,0.3,0.668,0.657,0,65,22.2,1.3
"DeAndre' Bembry (TOR - SF,PF,SG)",6.4,3.7,1.9,0.4,1.2,0.454,0.61,0.5,65,20.4,1.3
"Dejounte Murray (SAS - PG,SG) DTD",11.8,5.6,4.4,0.3,1.8,0.466,0.815,0.6,67,27.6,2.1
"Delon Wright (SAC - PG,SG,SF)",9.6,4.3,3.7,0.4,1.4,0.455,0.784,0.8,66,26.5,1.3
"DeMar DeRozan (SAS - SG,SF)",21.4,5.4,5.5,0.3,1.1,0.507,0.843,0.2,68,34.2,2.4
"DeMarcus Cousins (LAC - PF,C)",12.2,5.9,2.7,1.2,1.1,0.465,0.733,0.9,51,24.2,2.4
"Deni Avdija (WAS - SG,SF) OUT",10.7,3.6,1.8,0.5,0.7,0.459,0.772,1.2,67,24,1.2
Dennis Schroder (LAL - PG),15.6,3.2,4.3,0.2,0.7,0.454,0.826,1.5,68,29.3,2.2
"Dennis Smith Jr. (DET - PG,SG)",8.6,2.2,3.3,0.3,0.8,0.408,0.608,0.8,40,20.3,1.9
"Denzel Valentine (CHI - SG,SF)",8.1,2.8,1.7,0.2,0.8,0.421,0.749,1.5,67,18,0.8
"Derrick Favors (UTH - PF,C)",8.2,7.2,1.2,0.9,0.5,0.628,0.637,0.1,64,20.5,0.9
"Derrick Jones Jr. (POR - SG,SF,PF)",8.4,4.1,1,0.6,0.9,0.486,0.732,0.9,61,23.1,0.6
"Derrick Rose (NYK - PG,SG)",16.8,2.6,4.9,0.3,0.8,0.484,0.855,0.9,62,26.2,2.3
"Derrick White (SAS - PG,SG)",12.5,3.6,4.1,0.9,0.9,0.466,0.84,1.2,60,28.4,1.5
"Devin Booker (PHO - PG,SG)",27.1,4.2,6.3,0.3,0.8,0.479,0.903,2.4,69,35.6,3.6
Devin Vassell (SAS - SG),9.7,3.2,1.6,0.5,0.7,0.47,0.754,1.4,67,21.1,1
"Devonte' Graham (CHA - PG,SG)",14.8,2.9,5.9,0.2,1,0.386,0.816,2.8,69,30.3,2.2
"Dillon Brooks (MEM - SG,SF)",15.7,3.3,2.2,0.4,0.9,0.408,0.798,1.9,69,28.9,1.7
"Domantas Sabonis (IND - PF,C)",17.8,11.9,4.5,0.5,0.7,0.544,0.727,0.4,66,33.6,2.6
"Donovan Mitchell (UTH - PG,SG)",24.8,4.5,4.2,0.2,1.1,0.451,0.845,2.6,69,34.2,2.7
"Donte DiVincenzo (MIL - PG,SG) OUT",10.5,5,2.6,0.3,1.4,0.445,0.743,1.6,67,26.8,1.5
"Dorian Finney-Smith (DAL - SF,PF)",7.9,4.9,1.3,0.5,0.7,0.463,0.729,1.3,67,25,0.9
"Draymond Green (GSW - PF,C)",9,6.9,6.8,0.9,1.5,0.438,0.74,0.9,66,31.9,2.5
"Duncan Robinson (MIA - SG,SF)",13,3.1,1.4,0.2,0.5,0.467,0.902,3.6,69,29.2,0.9
"Dwight Howard (PHI - PF,C)",7.4,7,0.7,1,0.4,0.679,0.494,0,68,18.7,1.2
"Dwight Powell (DAL - PF,C)",9.3,5.9,1.4,0.6,0.8,0.619,0.716,0.3,65,24.7,0.9
"Ed Davis (MIN - PF,C)",3.8,5.8,0.5,0.4,0.4,0.596,0.613,0,66,13.9,0.6
Elfrid Payton (NYK - PG),9.9,4.5,6.7,0.4,1.4,0.442,0.647,0.5,64,29.1,2.3
Emmanuel Mudiay (FA - PG) FA,8.5,2.3,2.5,0.2,0.5,0.457,0.768,0.7,42,17.2,1.5
Enes Kanter (POR - C),7.9,7.2,1,0.5,0.4,0.564,0.739,0.1,58,16.3,1
"Eric Bledsoe (MEM - PG,SG)",15.4,4.5,5.3,0.4,1.2,0.487,0.784,1.2,65,28.7,2.5
"Eric Gordon (HOU - SG,SF)",15.5,2.5,1.8,0.4,0.6,0.404,0.815,3,62,30.6,1.4
"Eric Paschall (GSW - SF,PF)",11.1,3.3,1.6,0.2,0.4,0.544,0.783,0.6,68,21.9,1.1
"Evan Fournier (BOS - SG,SF)",17.1,2.7,3.2,0.2,1,0.453,0.817,2.4,67,31.3,1.9
"Frank Kaminsky III (PHO - PF,C)",8.3,3.4,1.4,0.2,0.3,0.465,0.717,0.9,64,17.2,0.8
"Frank Ntilikina (NYK - PG,SG)",7.2,2.5,3.5,0.4,1.1,0.389,0.818,1,66,24.1,1.5
"Fred VanVleet (TOR - PG,SG)",16.7,3.6,6.1,0.3,1.6,0.404,0.839,2.6,67,33.9,2.1
Furkan Korkmaz (PHI - SG),8.3,2.3,1,0.2,0.5,0.421,0.755,1.7,65,18.1,0.7
"Garrett Temple (CHI - PG,SG,SF)",6.5,3.2,1.7,0.4,0.6,0.389,0.755,1.2,63,20.5,0.7
"Gary Harris (ORL - SG,SF)",11,2.9,2.2,0.3,1.2,0.425,0.805,1.3,65,30.3,1.3
Gary Trent Jr. (FA - SG) FA,9.2,2,1.1,0.3,0.9,0.433,0.775,1.9,66,24,0.7
"George Hill (PHI - PG,SG)",8.4,2.5,2.4,0.2,0.7,0.472,0.831,1.1,66,20.8,0.9
"Giannis Antetokounmpo (MIL - SF,PF)",29.2,13.3,5.7,1.2,1.1,0.557,0.691,1.3,69,32.1,3.6
Goga Bitadze (IND - C),3.3,2,0.4,0.7,0.2,0.46,0.734,0.2,66,9.1,0.5
"Goran Dragic (MIA - PG,SG)",15.8,3.2,4.9,0.2,0.7,0.443,0.79,1.9,59,28.5,2.3
"Gordon Hayward (CHA - SG,SF)",20,5.7,4.4,0.3,0.8,0.477,0.851,1.8,62,34,2.2
"Gorgui Dieng (SAS - PF,C)",5.3,4.7,0.9,0.6,0.6,0.476,0.772,0.4,47,12.9,0.8
Grayson Allen (MEM - SG),8.1,2.1,1.3,0.1,0.3,0.434,0.817,1.3,61,18.4,1
"Harrison Barnes (SAC - SF,PF)",14.6,4.4,2,0.2,0.6,0.456,0.809,1.5,70,33,1.1
"Harry Giles III (POR - PF,C)",7.1,4.2,1.3,0.4,0.5,0.541,0.717,0,63,15.4,1
"Hassan Whiteside (SAC - PF,C)",10.9,9.3,0.8,1.8,0.4,0.594,0.621,0,64,22.4,1.2
"Isaac Bonga (WAS - SF,PF)",4.4,3.4,1.1,0.4,0.7,0.476,0.805,0.4,64,17.4,0.8
Isaac Okoro (CLE - SF),9.7,4.3,1.8,0.5,0.8,0.454,0.731,1.1,68,26.6,1.1
"Isaiah Stewart (DET - PF,C)",5.4,3.8,0.6,0.7,0.4,0.526,0.729,0.1,65,16.7,1
Ish Smith (WAS - PG),8.9,2.5,3.8,0.3,0.7,0.46,0.724,0.6,67,21.8,1.1
Ivica Zubac (LAC - C),10.1,8.5,1.3,1.1,0.3,0.585,0.757,0,68,23.8,1.1
Ja Morant (MEM - PG),20.8,4.2,8,0.3,1,0.477,0.787,1.2,68,33.6,3.6
"Jabari Parker (BOS - SF,PF)",9.9,4.3,1.4,0.3,0.7,0.506,0.735,0.6,58,18,1.3
"Jae Crowder (PHO - SF,PF)",10.8,5.3,1.9,0.4,1,0.406,0.761,2,67,28.3,1
Jahlil Okafor (DET - C),6.5,3.6,0.7,0.6,0.2,0.592,0.657,0,62,13.4,0.8
"JaKarr Sampson (IND - SG,SF,PF)",4.8,2.5,0.4,0.4,0.4,0.566,0.686,0.2,63,13.4,0.4
Jakob Poeltl (SAS - C),5.8,5.1,1.4,1.2,0.5,0.627,0.496,0,68,17.6,0.8
"Jalen Brunson (DAL - PG,SG)",8.1,2.1,3.1,0.1,0.4,0.47,0.774,0.8,65,17.9,1.1
Jalen Smith (PHO - PF),7.6,4.2,0.6,0.7,0.4,0.532,0.729,0.5,68,20,1
"Jamal Murray (DEN - PG,SG) OUT",21.1,4.2,5,0.3,1.1,0.459,0.875,2.3,68,33.9,2.4
"James Ennis III (ORL - SG,SF)",6.3,3.1,0.8,0.3,0.6,0.441,0.783,0.9,67,20.1,0.7
"James Harden (BKN - PG,SG)",32.5,6.4,7.3,0.7,1.8,0.445,0.876,4.2,68,36.2,4.5
James Wiseman (GSW - C) OUT,10.5,6.7,1.1,1.6,0.6,0.529,0.711,0,66,26.8,1.3
"JaMychal Green (FA - PF,C) FA",6.3,5.1,0.6,0.3,0.4,0.462,0.765,1,67,17.8,0.8
"Jaren Jackson Jr. (MEM - PF,C) DTD",17.8,5,1.4,1.6,0.8,0.483,0.744,2.4,56,29.5,1.8
"Jarrett Allen (CLE - PF,C)",10.2,8.5,1.4,1.3,0.5,0.649,0.673,0,68,25.5,1.1
JaVale McGee (DEN - C),6.4,5.2,0.5,1.2,0.4,0.62,0.645,0,66,15.8,0.9
Jaxson Hayes (NOR - C),8.1,4.4,1,1,0.4,0.659,0.654,0,66,18.4,0.8
"Jaylen Brown (BOS - SG,SF) OUT",20.5,6.2,2,0.4,1.1,0.481,0.732,2.2,67,34.2,2.2
"Jayson Tatum (BOS - SF,PF)",25,6.9,3.6,0.9,1.4,0.454,0.817,2.9,68,35.3,2.4
"Jeff Green (BKN - SF,PF,C)",8.9,3,1.1,0.4,0.5,0.466,0.849,1.1,66,20.4,1
"Jeff Teague (MIL - PG,SG)",8.3,1.9,4.2,0.3,0.6,0.433,0.856,0.6,62,19.5,1.4
"Jerami Grant (DET - SF,PF)",14.1,4.6,1.3,1,0.8,0.481,0.738,1.6,70,31.7,0.9
"Jeremy Lamb (IND - SG,SF)",11.2,4.4,1.9,0.4,1,0.456,0.856,1.1,56,24.5,1
Jevon Carter (BKN - PG),5,1.7,1.3,0.2,0.7,0.398,0.839,1,61,15.1,0.6
"Jimmy Butler (MIA - SG,SF)",20.1,6.1,5.5,0.6,1.8,0.467,0.842,0.9,66,34.3,2.1
JJ Redick (DAL - SG),15.4,2.5,2.1,0.2,0.4,0.455,0.894,3,64,27.5,1.2
"Joe Harris (BKN - SG,SF)",13.4,3.9,2.1,0.2,0.6,0.497,0.767,2.4,68,29.9,1.5
"Joe Ingles (UTH - SG,SF)",9,3.4,4.7,0.2,0.9,0.449,0.762,1.8,69,27.2,1.8
"Joel Embiid (PHI - PF,C)",24.4,11.9,3.3,1.6,0.8,0.481,0.804,1.2,63,31.3,3.3
"John Collins (FA - PF,C) FA",18.6,8.8,1.6,1.1,0.6,0.577,0.787,1.2,65,30.7,1.8
John Wall (HOU - PG),17.8,3.6,7.6,0.7,1.3,0.434,0.738,1.7,61,31.8,3.6
Jonas Valanciunas (NOR - C),15,10.5,1.8,1.1,0.4,0.573,0.76,0.4,67,26.5,1.8
"Jordan Clarkson (UTH - PG,SG)",14.3,2.6,2.1,0.2,0.6,0.453,0.837,1.9,68,24,1.4
Jordan McLaughlin (MIN - PG),6.2,1.4,3.4,0.1,1,0.48,0.689,0.8,63,17.2,0.9
Jordan Poole (GSW - SG),8.3,1.7,2,0.2,0.5,0.386,0.807,1.3,65,19.1,1
"Josh Hart (NOR - SG,SF)",8.8,5.1,1.5,0.4,0.9,0.427,0.704,1.6,66,24.2,1.1
"Josh Okogie (MIN - PG,SG,SF)",8.5,3.9,1.5,0.4,1.2,0.426,0.788,0.8,68,24.8,1.3
"Josh Richardson (DAL - SG,SF)",14.9,3.2,3,0.6,1,0.432,0.824,2,67,32.3,1.8
"Jrue Holiday (MIL - PG,SG)",18.3,4.7,6.1,0.7,1.5,0.469,0.735,1.9,66,33.7,2.8
"Juancho Hernangomez (MIN - SF,PF,C)",6.2,4,0.8,0.3,0.5,0.418,0.689,1,64,19.8,0.7
"Julius Randle (NYK - PF,C)",18.6,9,2.9,0.4,0.8,0.48,0.733,0.9,67,31.3,2.8
"Justin Holiday (IND - SG,SF)",8.3,3.3,1.4,0.5,1.2,0.42,0.816,1.8,69,25.8,0.8
"Justise Winslow (MEM - PF,SF)",9.4,4.6,2.9,0.3,0.8,0.439,0.654,0.9,58,23.3,1.5
Jusuf Nurkic (POR - C) DTD,16.7,9.9,3.5,1.6,1,0.504,0.775,0.2,64,30.8,2.3
Karl-Anthony Towns (MIN - C),25.5,11.3,3.7,1.4,0.9,0.511,0.812,3,68,33.8,3.2
"Kawhi Leonard (LAC - SG,SF) OUT",26.3,7.1,4.5,0.5,1.7,0.474,0.868,2.2,61,33.5,2.4
Keldon Johnson (SAS - SF),9,3.5,1.1,0.2,0.9,0.505,0.772,0.7,50,18.3,0.8
"Kelly Olynyk (HOU - PF,C)",7.7,4.1,1.5,0.4,0.6,0.481,0.825,1.3,66,18,1
"Kelly Oubre Jr. (GSW - SF,PF)",18,5.7,1.5,0.8,1.2,0.449,0.774,2,66,32.5,1.4
Kemba Walker (OKC - PG),19.2,4.1,4.4,0.4,0.9,0.433,0.854,2.8,53,30.8,2.1
"Kendrick Nunn (MIA - PG,SG)",12.7,2.9,2.8,0.2,0.7,0.437,0.852,1.7,67,24.4,1.4
"Kent Bazemore (GSW - SG,SF)",7.8,3.8,1.4,0.5,1,0.395,0.753,1.1,65,19.9,1.2
"Kentavious Caldwell-Pope (WAS - PG,SG,SF)",9.7,2.5,1.5,0.2,0.9,0.452,0.808,1.6,69,25.6,0.8
"Kevin Durant (BKN - SF,PF)",25.4,6.4,4.9,1,0.7,0.515,0.874,2,64,33,3
"Kevin Huerter (ATL - SG,SF)",9.6,3.3,2.8,0.4,0.7,0.425,0.794,1.8,66,25.3,1.3
"Kevin Love (CLE - PF,C)",16.6,9.1,2.7,0.3,0.5,0.449,0.859,2.5,61,30.3,2.3
Kevin Porter Jr. (HOU - SG),12.2,3.5,2.6,0.3,1,0.45,0.749,1.4,64,26.6,2.1
"Kevon Looney (GSW - PF,C)",5.6,4.6,1.4,0.5,0.8,0.528,0.663,0,48,16.7,0.7
"Khem Birch (TOR - PF,C)",3.7,3.5,0.7,0.4,0.3,0.563,0.671,0,65,14.4,0.4
"Khris Middleton (MIL - SG,SF)",21,5.8,4.2,0.1,1,0.478,0.895,2.5,67,32.1,2.3
"Killian Hayes (DET - PG,SG) DTD",11.9,3,4.9,0.2,1.2,0.432,0.832,1.2,66,27.5,2.5
"Kris Dunn (ATL - PG,SG,SF)",6.8,2.9,3.4,0.3,1.2,0.447,0.764,0.5,62,20.2,1.4
"Kristaps Porzingis (DAL - PF,C)",21.4,9.6,1.7,2,0.7,0.436,0.794,2.5,56,32.2,1.7
"Kyle Anderson (MEM - SF,PF)",6.4,5,2.3,0.6,0.9,0.492,0.641,0.4,67,23,1.1
"Kyle Kuzma (WAS - SF,PF)",11.9,4,1.4,0.4,0.4,0.458,0.749,1.2,67,23.7,1.3
Kyle Lowry (TOR - PG),17.2,4.9,7.4,0.4,1.4,0.414,0.849,2.7,64,34.6,2.9
"Kyle O'Quinn (FA - PF,C) FA",3.2,3.1,1.2,0.6,0.2,0.567,0.699,0.1,41,8.8,0.7
"Kyrie Irving (BKN - PG,SG)",24.4,4.5,6.5,0.4,1.3,0.494,0.895,2.6,63,32.9,2.5
"LaMelo Ball (CHA - PG,SG)",13.4,5.1,6.6,0.2,1.3,0.395,0.727,1.6,67,30.5,3
"Landry Shamet (PHO - PG,SG)",7.4,2,1.7,0.1,0.4,0.435,0.826,1.7,67,21.3,0.7
"Langston Galloway (PHO - PG,SG)",9,2.1,1.3,0.2,0.6,0.427,0.853,1.8,67,23.2,0.5
"Larry Nance Jr. (CLE - PF,C)",9.5,6.9,2.4,0.5,1.1,0.527,0.677,0.8,64,26.1,1.2
Lauri Markkanen (CHI - PF),17,7.4,1.5,0.5,0.8,0.431,0.848,2.4,62,32.2,1.6
"LeBron James (LAL - PG,SG,SF,PF)",25.6,8,9.6,0.6,1.2,0.51,0.695,2.2,64,34.3,3.6
"Lonnie Walker IV (SAS - SG,SF)",7.7,2.9,1.3,0.3,0.8,0.441,0.737,0.8,61,18,0.8
Lonzo Ball (NOR - PG),11.9,6.3,6.9,0.6,1.4,0.413,0.568,2.3,67,32.3,2.8
"Lou Williams (ATL - PG,SG)",17,2.8,5,0.2,0.7,0.428,0.867,1.6,67,27,2.4
Luguentz Dort (OKC - SG),10.6,2.6,1,0.2,0.9,0.399,0.77,1.4,67,28.3,0.9
Luka Doncic (DAL - PG),30.1,9.3,8.9,0.3,1.1,0.474,0.762,3,68,35.1,4
"Luke Kennard (LAC - SG,SF)",11.2,3.1,2.5,0.2,0.5,0.455,0.856,1.9,63,26.1,1.2
"Luke Kornet (BOS - PF,C)",5.8,2.2,0.9,0.7,0.4,0.4,0.778,1.1,34,14.7,0.4
"Malcolm Brogdon (IND - PG,SG)",16.5,4.5,6.5,0.2,0.7,0.46,0.889,1.5,64,32.3,2.2
"Malik Beasley (MIN - PG,SG)",14.4,3.1,1.7,0.2,1,0.442,0.82,2.7,67,28.1,1.2
Marc Gasol (LAL - C),8.2,6,3.1,0.9,0.8,0.439,0.761,1.1,62,24.7,1.3
"Marcus Morris Sr. (LAC - SF,PF,C)",12.6,4.5,1.3,0.4,0.6,0.443,0.845,1.8,67,26.6,1.2
"Marcus Smart (BOS - PG,SG)",12.1,3.6,4.4,0.5,1.6,0.387,0.812,2.1,67,31.8,1.8
"Markelle Fultz (ORL - PG,SG) OUT",13.5,3.5,5.6,0.2,1.4,0.461,0.745,0.7,68,30.9,2.1
"Marquese Chriss (FA - PF,C) FA",7,4.8,1.2,0.8,0.5,0.516,0.735,0.2,60,16.5,1
"Marvin Bagley III (SAC - PF,C)",15.6,7.9,1,0.9,0.6,0.494,0.752,0.5,62,27.6,1.5
"Mason Plumlee (CHA - PF,C)",9.5,7.3,3.1,0.9,0.8,0.595,0.555,0,66,23.9,1.6
"Matisse Thybulle (PHI - SG,SF)",6.8,2.1,1.4,0.8,1.5,0.427,0.639,1.1,65,23.2,0.9
"Maxi Kleber (DAL - PF,C)",8.7,5.2,1.1,1.1,0.4,0.477,0.826,1.5,69,25,0.8
"Meyers Leonard (FA - PF,C) FA",5.4,5,0.8,0.3,0.2,0.538,0.672,0.9,58,15.9,0.7
"Michael Carter-Williams (ORL - PG,SG)",6.7,3.2,2.6,0.5,1.1,0.409,0.828,0.4,56,17.6,1.2
"Michael Porter Jr. (DEN - SF,PF)",16,6.5,1.3,0.6,0.8,0.489,0.822,2.1,66,27.3,1.6
"Mikal Bridges (PHO - SG,SF)",9.7,3.9,2,0.6,1.5,0.48,0.844,1.3,69,30.8,1.1
Mike Conley (UTH - PG),17.6,3.3,5.4,0.2,1,0.433,0.836,2.3,63,31.7,2
"Mike Muscala (OKC - PF,C)",5.5,2.9,0.7,0.3,0.3,0.432,0.824,1.1,63,14.1,0.5
"Miles Bridges (CHA - SF,PF)",11.8,5,1.7,0.7,0.7,0.444,0.795,1.3,70,28.6,1.3
Mitchell Robinson (NYK - C),9.8,7.3,0.6,2.1,0.9,0.717,0.575,0,68,24.4,0.7
Mo Bamba (ORL - C),6.3,5.4,0.8,1.5,0.4,0.463,0.63,0.7,65,16.7,0.8
"Monte Morris (DEN - PG,SG)",8.5,1.9,3.2,0.1,0.7,0.467,0.821,0.9,69,21.1,0.6
"Montrezl Harrell (WAS - PF,C)",15.9,6.4,1.6,1.2,0.7,0.612,0.655,0,68,25.9,1.6
"Moritz Wagner (ORL - PF,C)",9.8,5.3,1.4,0.5,0.7,0.529,0.815,0.8,61,20.5,1.7
"Myles Turner (IND - PF,C)",12.7,6.8,1.3,2.2,0.8,0.473,0.752,1.4,66,29.7,1.3
Naz Reid (MIN - C),10.7,4.7,1.3,0.8,0.7,0.437,0.714,1.2,63,19.6,0.8
Nemanja Bjelica (MIA - PF),8.5,5.4,1.9,0.5,0.6,0.487,0.768,1.4,69,22,0.9
"Nerlens Noel (NYK - PF,C)",6.8,5.2,0.9,1.5,1,0.609,0.72,0,64,19.4,1.1
Nicolo Melli (DAL - PF),8.4,3.7,1.5,0.5,0.7,0.443,0.744,1.5,64,21,1
"Nikola Jokic (DEN - PF,C)",21.2,10.2,7.2,0.7,1.3,0.521,0.822,1.2,69,33.1,3.2
"Nikola Vucevic (CHI - PF,C)",19.8,10.7,3.6,0.9,0.9,0.492,0.785,1.5,66,31.6,1.7
"Norman Powell (FA - SG,SF) FA",13.2,3.3,1.7,0.3,1,0.483,0.839,1.8,63,25.7,1.3
"Obi Toppin (NYK - SF,PF)",12.6,5.9,1.4,0.8,0.7,0.507,0.712,0.8,68,26.8,1.5
"OG Anunoby (TOR - SF,PF)",10.5,4.8,1.5,0.6,1.3,0.473,0.682,1.5,69,29,1.2
"Omari Spellman (FA - PF,C) FA",5.9,3.7,0.8,0.4,0.5,0.441,0.773,0.7,62,15.7,0.8
"Onyeka Okongwu (ATL - PF,C) OUT",7.3,4,0.7,0.9,0.5,0.543,0.713,0.2,63,17.4,1.4
"Otto Porter Jr. (ORL - SF,PF)",13.3,4.5,2,0.5,1.4,0.466,0.797,1.9,59,28.7,1.1
"P.J. Tucker (MIL - PF,C,SF)",6.8,6.3,1.4,0.4,1.2,0.41,0.729,1.5,69,34.1,0.9
"P.J. Washington (CHA - SF,PF)",13.5,5.7,2.2,0.9,0.9,0.464,0.677,1.7,68,31.9,1.7
Pascal Siakam (TOR - PF) OUT,22.9,7.8,3.4,0.9,1.1,0.465,0.771,2,68,36,2.4
"Pat Connaughton (MIL - SG,SF)",5.7,3.9,1.6,0.4,0.4,0.45,0.763,0.8,65,18.7,0.7
"Patrick Beverley (LAC - PG,SG) SUS",7.7,4.9,3.5,0.5,1,0.422,0.701,1.5,63,25.8,1.2
Patrick Williams (CHI - SF),8.9,3.7,1.5,0.6,1,0.463,0.753,1.1,67,22.9,0.9
Patty Mills (SAS - PG),9.5,1.5,1.8,0.1,0.6,0.424,0.86,1.9,66,19.9,0.8
"Paul George (LAC - SF,PF)",23.4,6.2,3.8,0.4,1.6,0.434,0.863,3.5,66,33.6,2.6
"Paul Millsap (DEN - PF,C)",11.2,5.8,1.7,0.6,0.9,0.481,0.792,0.9,63,24.7,1.4
Rajon Rondo (LAC - PG),8,3.9,6.2,0.1,1,0.422,0.647,1,63,24.8,2.2
"Reggie Jackson (LAC - PG,SG)",10.8,2.1,3.2,0.1,0.5,0.429,0.854,1.6,63,20.3,1.3
"Richaun Holmes (SAC - PF,C)",10.6,7.1,0.9,1.1,0.7,0.632,0.765,0,67,23.6,1
Ricky Rubio (CLE - PG),11.4,3.8,6.7,0.2,1.4,0.41,0.858,1.1,66,28.2,2.4
"RJ Barrett (NYK - SG,SF)",17.4,5.3,3.1,0.3,1.1,0.428,0.652,1.4,68,32.7,2.6
"Robert Covington (POR - PF,C,SF)",12.4,6.5,1.3,1.2,1.5,0.435,0.801,2.3,67,31.6,1.4
"Robert Williams III (BOS - PF,C)",4.7,4.2,0.8,1.3,0.7,0.712,0.622,0,47,14.3,0.7
Robin Lopez (WAS - C),6.7,2.9,0.8,0.7,0.2,0.53,0.65,0.3,65,17.5,1.1
"Rodions Kurucs (FA - SF,PF) FA",5.8,2.9,0.8,0.3,0.5,0.459,0.73,0.7,42,15,0.9
"Rodney Hood (TOR - SG,SF)",9.4,2.6,1.4,0.2,0.7,0.47,0.847,1.3,49,23.9,0.8
Royce O'Neale (UTH - SF),6.4,4.9,2,0.4,0.8,0.439,0.758,1.2,69,27.5,0.9
"Rudy Gay (SAS - SF,PF)",10.7,5.2,1.7,0.5,0.6,0.468,0.837,0.9,66,21.8,1.3
Rudy Gobert (UTH - C),14.9,12.8,1.5,2,0.7,0.686,0.625,0,68,33.1,1.8
"Rui Hachimura (WAS - SF,PF)",13.8,6.5,1.9,0.2,0.9,0.478,0.836,0.6,65,31.7,1.2
Russell Westbrook III (LAL - PG),25.3,8.5,8.7,0.4,1.6,0.467,0.742,0.9,64,35.2,4.3
"Sekou Doumbouya (DET - SF,PF)",8,3.9,0.6,0.3,0.7,0.402,0.681,0.9,62,24.6,1.1
"Serge Ibaka (LAC - PF,C) OUT",14,7.8,1.3,1,0.4,0.507,0.742,1.1,65,27.1,1.7
"Seth Curry (PHI - PG,SG)",13.2,2.3,2.2,0.2,0.7,0.495,0.826,2.4,67,26.6,1.2
"Shai Gilgeous-Alexander (OKC - SG,SF,PG)",22.6,5.6,5.4,0.7,1.2,0.468,0.811,1.7,68,35.1,2.5
"Shake Milton (PHI - PG,SG)",8.6,2.2,2.3,0.2,0.5,0.466,0.785,1.3,62,20,1.1
"Spencer Dinwiddie (FA - PG,SG) FA",14.9,2.7,4.8,0.2,0.5,0.438,0.8,1.6,67,26.1,2.1
"Stephen Curry (GSW - PG,SG)",27.7,4.6,6.1,0.4,1.4,0.466,0.917,4.6,66,34.1,3.2
"Sterling Brown (HOU - SG,SF) DTD",5.4,2.9,1.2,0.2,0.5,0.425,0.788,0.8,61,16.3,0.8
Steven Adams (MEM - C),12,9.4,2.1,1.1,1,0.601,0.563,0.1,70,29.2,1.7
"Svi Mykhailiuk (OKC - SG,SF)",9.7,2.1,2,0.1,0.8,0.416,0.757,2.2,62,24,1.2
"T.J. Leaf (POR - PF,C)",3.5,2.3,0.3,0.2,0.2,0.492,0.587,0.2,63,8.3,0.2
T.J. McConnell (IND - PG),5.7,2.6,4.2,0.2,0.8,0.511,0.801,0.2,67,17.7,1.4
"T.J. Warren (IND - SF,PF) OUT",19.5,4.3,1.6,0.6,1.2,0.5,0.811,1.5,65,33.4,1.2
Tacko Fall (BOS - C),4.7,3,0.2,0.6,0.2,0.684,0.507,0,53,8.3,0.7
"Taurean Prince (MIN - SF,PF) OUT",10.2,4.5,1.7,0.3,0.8,0.443,0.82,1.8,68,24.2,1.7
Terence Davis II (SAC - SG),8.4,3.4,1.9,0.2,0.6,0.464,0.858,1.4,66,18.9,1.1
"Terrence Ross (ORL - SG,SF)",14.6,3.3,1.3,0.3,1,0.409,0.853,2.6,68,27.5,1
"Terry Rozier (CHA - PG,SG)",12.7,3.4,3,0.2,0.8,0.412,0.845,2,68,25.5,1.6
"Thaddeus Young (CHI - SF,PF)",8.6,4.4,1.7,0.3,1.2,0.471,0.624,0.9,68,21.6,1.2
Thomas Bryant (WAS - C) OUT,13.5,7.6,1.7,1.1,0.5,0.603,0.725,0.7,63,27.5,1.3
"Tim Hardaway Jr. (DAL - SG,SF)",15.8,3.3,2,0.1,0.6,0.43,0.82,2.7,66,29.6,1.2
"Tobias Harris (PHI - SF,PF)",20.1,6.8,3,0.5,0.7,0.478,0.821,2,69,34.5,1.6
"Tomas Satoransky (CHI - PG,SG)",7.8,3.2,4.1,0.1,1,0.453,0.84,0.8,68,23.7,1.5
Trae Young (ATL - PG),26.9,3.9,9.2,0.2,1,0.445,0.863,3.2,68,34,4.1
"Trevor Ariza (MIA - SG,SF)",8.1,4.4,1.9,0.2,1.1,0.418,0.837,1.6,64,25,1.1
"Trey Lyles (SAS - PF,C)",7.2,4.9,1,0.4,0.4,0.445,0.738,1,66,19.3,0.7
"Tristan Thompson (BOS - PF,C)",9.1,8.8,1.8,0.7,0.5,0.525,0.622,0.1,64,24.5,1.4
"Troy Brown Jr. (CHI - SG,SF)",8.8,4.8,2.3,0.1,1,0.442,0.767,0.8,67,22.5,1
"Tyler Herro (MIA - SG,SF)",15.6,4.5,2.8,0.2,0.7,0.432,0.868,2.5,67,30.4,1.7
"Tyrese Haliburton (SAC - PG,SG)",10.1,3.6,3.9,0.2,1.2,0.454,0.781,1.2,67,25.3,1.9
Tyus Jones (MEM - PG),7,1.8,4.1,0.1,0.9,0.441,0.776,0.7,68,19.3,0.9
"Victor Oladipo (MIA - PG,SG) OUT",17.6,4.9,4.2,0.3,1.4,0.425,0.792,2,63,31.5,2.6
Vincent Poirier (FA - C) FA,3.2,3.2,0.6,0.6,0.1,0.494,0.807,0,37,9.6,0.6
Wendell Carter Jr. (ORL - C),12,9,1.5,1.1,0.8,0.517,0.765,0.3,65,30.6,1.6
"Wesley Matthews (LAL - SG,SF)",8.6,2.5,1.5,0.1,0.6,0.412,0.765,1.7,64,25.5,0.8
"Will Barton (FA - SG,SF) FA",12,4.8,3,0.4,0.8,0.438,0.774,1.5,65,27.3,1.4
"Willie Cauley-Stein (DAL - PF,C)",6.1,5,1.1,0.7,0.6,0.605,0.587,0,57,15.8,0.6
Willy Hernangomez (NOR - C),7,5.1,1,0.3,0.3,0.56,0.662,0.2,62,13,1.1
"Zach Collins (POR - PF,C) OUT",7.1,5.4,1.1,0.9,0.4,0.492,0.758,0.5,55,20.2,1.2
"Zach LaVine (CHI - SG,SF)",24.4,4.5,4.3,0.4,1.3,0.452,0.81,2.8,66,34.6,3.2
Zion Williamson (NOR - PF),26.4,7.9,2.4,0.7,0.9,0.587,0.689,0.4,62,31.9,2.8
